cedula,347,91,134,23,1643903404098.jpg,514,725
nombres,171,140,116,29,1643903404098.jpg,514,725
lugar_nacimiento,170,183,79,45,1643903404098.jpg,514,725
fecha_nacimiento,297,230,66,15,1643903404098.jpg,514,725
nacionalidad,256,246,95,18,1643903404098.jpg,514,725
sexo,205,268,48,13,1643903404098.jpg,514,725
huella_digital,366,420,106,132,1643903404098.jpg,514,725
firma,174,618,108,56,1643903404098.jpg,514,725
fecha_expiracion,41,571,65,17,1643903404098.jpg,514,725
cedula,834,303,236,38,1643903404130.jpg,1280,958
nombres,505,387,242,55,1643903404130.jpg,1280,958
lugar_nacimiento,511,464,130,87,1643903404130.jpg,1280,958
fecha_nacimiento,742,549,129,32,1643903404130.jpg,1280,958
nacionalidad,668,587,179,32,1643903404130.jpg,1280,958
sexo,563,622,33,26,1643903404130.jpg,1280,958
cedula,1046,247,298,62,1643903404159.jpg,1600,900
nombres,642,355,229,73,1643903404159.jpg,1600,900
lugar_nacimiento,646,461,154,105,1643903404159.jpg,1600,900
fecha_nacimiento,923,569,154,42,1643903404159.jpg,1600,900
nacionalidad,833,609,221,39,1643903404159.jpg,1600,900
sexo,718,654,106,28,1643903404159.jpg,1600,900
huella_digital,1094,127,259,306,1643903404188.jpg,1600,900
firma,671,601,296,156,1643903404188.jpg,1600,900
fecha_expiracion,302,484,167,39,1643903404188.jpg,1600,900
cedula,606,718,209,49,1643903404218.jpg,900,1600
nombres,341,787,148,53,1643903404218.jpg,900,1600
lugar_nacimiento,340,856,106,79,1643903404218.jpg,900,1600
fecha_nacimiento,528,932,102,33,1643903404218.jpg,900,1600
nacionalidad,464,955,144,34,1643903404218.jpg,900,1600
sexo,383,982,77,30,1643903404218.jpg,900,1600
huella_digital,820,298,184,225,1643903404243.jpg,1280,961
firma,474,643,272,116,1643903404243.jpg,1280,961
fecha_expiracion,245,555,118,31,1643903404243.jpg,1280,961
huella_digital,968,71,257,325,1643903404267.jpg,1280,789
firma,543,539,231,172,1643903404267.jpg,1280,789
fecha_expiracion,94,398,183,45,1643903404267.jpg,1280,789
cedula,891,149,326,53,1643903404296.jpg,1280,762
nombres,457,257,353,71,1643903404296.jpg,1280,762
lugar_nacimiento,459,369,178,110,1643903404296.jpg,1280,762
fecha_nacimiento,770,481,166,35,1643903404296.jpg,1280,762
nacionalidad,669,523,238,35,1643903404296.jpg,1280,762
sexo,525,559,44,50,1643903404296.jpg,1280,762
cedula,1394,782,453,126,1643903404322.jpeg,3840,2160
nombres,740,940,496,122,1643903404322.jpeg,3840,2160
lugar_nacimiento,740,1117,215,169,1643903404322.jpeg,3840,2160
fecha_nacimiento,1189,1288,254,85,1643903404322.jpeg,3840,2160
nacionalidad,1040,1357,347,69,1643903404322.jpeg,3840,2160
sexo,839,1420,67,71,1643903404322.jpeg,3840,2160
huella_digital,3232,724,323,461,1643903404322.jpeg,3840,2160
firma,2633,1439,406,236,1643903404322.jpeg,3840,2160
fecha_expiracion,2056,1222,234,67,1643903404322.jpeg,3840,2160
huella_digital,805,172,189,235,1643903404350.jpg,1280,720
firma,481,542,184,112,1643903404350.jpg,1280,720
fecha_expiracion,168,432,132,30,1643903404350.jpg,1280,720
cedula,793,261,231,36,1643903404376.jpg,1280,720
nombres,478,349,208,52,1643903404376.jpg,1280,720
lugar_nacimiento,475,429,138,88,1643903404376.jpg,1280,720
fecha_nacimiento,703,506,134,36,1643903404376.jpg,1280,720
nacionalidad,633,542,181,30,1643903404376.jpg,1280,720
sexo,539,583,30,28,1643903404376.jpg,1280,720
huella_digital,975,262,199,252,1643903404405.jpg,1599,899
firma,589,640,329,113,1643903404405.jpg,1599,899
fecha_expiracion,322,532,138,32,1643903404405.jpg,1599,899
cedula,897,379,263,49,1643903404433.jpg,1599,899
nombres,537,466,224,62,1643903404433.jpg,1599,899
lugar_nacimiento,541,552,317,95,1643903404433.jpg,1599,899
fecha_nacimiento,791,658,146,27,1643903404433.jpg,1599,899
nacionalidad,710,689,196,32,1643903404433.jpg,1599,899
sexo,591,725,45,32,1643903404433.jpg,1599,899
cedula,2367,865,657,116,1643903404456.jpeg,3840,2160
nombres,1462,1105,719,153,1643903404456.jpeg,3840,2160
lugar_nacimiento,1459,1340,402,238,1643903404456.jpeg,3840,2160
fecha_nacimiento,2110,1575,354,74,1643903404456.jpeg,3840,2160
nacionalidad,1897,1666,498,76,1643903404456.jpeg,3840,2160
sexo,1623,1767,82,82,1643903404456.jpeg,3840,2160
cedula,685,158,283,44,1643903404480.jpg,1000,669
nombres,308,251,287,70,1643903404480.jpg,1000,669
lugar_nacimiento,315,351,101,94,1643903404480.jpg,1000,669
fecha_nacimiento,574,451,145,37,1643903404480.jpg,1000,669
nacionalidad,492,491,196,32,1643903404480.jpg,1000,669
sexo,382,530,127,32,1643903404480.jpg,1000,669
cedula,926,364,236,44,1643903404503.jpg,1280,960
nombres,605,437,215,61,1643903404503.jpg,1280,960
lugar_nacimiento,603,519,348,93,1643903404503.jpg,1280,960
fecha_nacimiento,830,609,120,33,1643903404503.jpg,1280,960
nacionalidad,753,637,171,33,1643903404503.jpg,1280,960
sexo,657,667,108,33,1643903404503.jpg,1280,960
fecha_expiracion,1164,967,221,48,1643903404522.jpg,1600,1600
lugar_nacimiento,572,866,292,94,1643903404522.jpg,1600,1600
fecha_nacimiento,575,770,240,48,1643903404522.jpg,1600,1600
nombres,573,574,310,44,1643903404522.jpg,1600,1600
nombres,576,433,173,86,1643903404522.jpg,1600,1600
firma,575,1006,417,181,1643903404522.jpg,1600,1600
nacionalidad,576,680,273,42,1643903404522.jpg,1600,1600
sexo,1166,770,171,41,1643903404522.jpg,1600,1600
cedula,258,1079,287,71,1643903404522.jpg,1600,1600
cedula,736,239,221,42,1643903404541.jpg,1280,960
nombres,433,315,246,51,1643903404541.jpg,1280,960
lugar_nacimiento,432,394,254,75,1643903404541.jpg,1280,960
fecha_nacimiento,644,475,112,25,1643903404541.jpg,1280,960
nacionalidad,575,502,161,30,1643903404541.jpg,1280,960
sexo,486,534,79,24,1643903404541.jpg,1280,960
huella_digital,841,233,155,200,1643903404560.jpg,1280,960
firma,493,536,295,91,1643903404560.jpg,1280,960
fecha_expiracion,313,456,110,23,1643903404560.jpg,1280,960
cedula,774,881,289,50,1643903404578.jpg,1200,1600
nombres,399,991,250,66,1643903404578.jpg,1200,1600
lugar_nacimiento,393,1086,112,97,1643903404578.jpg,1200,1600
fecha_nacimiento,671,1191,145,39,1643903404578.jpg,1200,1600
nacionalidad,582,1228,207,42,1643903404578.jpg,1200,1600
sexo,468,1271,108,38,1643903404578.jpg,1200,1600
huella_digital,838,723,208,263,1643903404595.jpg,1200,1600
firma,455,1130,192,140,1643903404595.jpg,1200,1600
fecha_expiracion,139,1019,140,41,1643903404595.jpg,1200,1600
huella_digital,1208,98,325,396,1643903404612.jpg,1600,1030
firma,608,702,464,189,1643903404612.jpg,1600,1030
fecha_expiracion,143,534,221,58,1643903404612.jpg,1600,1030
cedula,1117,220,419,75,1643903404635.jpg,1600,1040
nombres,558,377,440,85,1643903404635.jpg,1600,1040
lugar_nacimiento,570,514,202,143,1643903404635.jpg,1600,1040
fecha_nacimiento,957,652,221,53,1643903404635.jpg,1600,1040
nacionalidad,823,712,315,51,1643903404635.jpg,1600,1040
sexo,658,767,58,51,1643903404635.jpg,1600,1040
huella_digital,754,74,208,249,1643903404656.jpg,1024,664
firma,359,456,287,156,1643903404656.jpg,1024,664
fecha_expiracion,50,360,144,34,1643903404656.jpg,1024,664
cedula,718,135,273,56,1643903404676.jpg,1024,671
nombres,338,232,377,66,1643903404676.jpg,1024,671
lugar_nacimiento,328,334,150,95,1643903404676.jpg,1024,671
fecha_nacimiento,606,422,141,31,1643903404676.jpg,1024,671
nacionalidad,516,456,205,39,1643903404676.jpg,1024,671
sexo,406,511,127,33,1643903404676.jpg,1024,671
huella_digital,460,34,144,166,1643903404695.jpg,634,400
firma,223,291,189,55,1643903404695.jpg,634,400
fecha_expiracion,38,211,95,25,1643903404695.jpg,634,400
cedula,479,94,182,32,1643903404715.jpg,686,430
nombres,237,155,223,44,1643903404715.jpg,686,430
lugar_nacimiento,236,218,74,60,1643903404715.jpg,686,430
fecha_nacimiento,403,274,97,23,1643903404715.jpg,686,430
nacionalidad,346,297,135,22,1643903404715.jpg,686,430
sexo,278,321,87,23,1643903404715.jpg,686,430
huella_digital,755,46,229,268,1643903404734.jpg,1024,659
firma,355,458,164,134,1643903404734.jpg,1024,659
fecha_expiracion,43,352,139,33,1643903404734.jpg,1024,659
cedula,1119,204,462,79,1643903404753.jpg,1600,1000
nombres,528,368,430,87,1643903404753.jpg,1600,1000
lugar_nacimiento,528,513,226,149,1643903404753.jpg,1600,1000
fecha_nacimiento,943,657,228,62,1643903404753.jpg,1600,1000
nacionalidad,811,715,311,60,1643903404753.jpg,1600,1000
sexo,630,777,68,60,1643903404753.jpg,1600,1000
huella_digital,1223,74,342,421,1643903404773.jpg,1600,986
firma,566,725,517,162,1643903404773.jpg,1600,986
fecha_expiracion,113,540,230,53,1643903404773.jpg,1600,986
huella_digital,584,37,190,217,1643903404791.jpg,807,504
firma,362,369,108,105,1643903404791.jpg,807,504
fecha_expiracion,46,281,114,19,1643903404791.jpg,807,504
cedula,552,117,215,34,1643903404812.jpg,809,513
nombres,272,191,220,51,1643903404812.jpg,809,513
lugar_nacimiento,271,267,209,72,1643903404812.jpg,809,513
fecha_nacimiento,469,337,111,31,1643903404812.jpg,809,513
nacionalidad,401,369,156,24,1643903404812.jpg,809,513
sexo,322,392,20,33,1643903404812.jpg,809,513
cedula,508,100,184,36,1643903404830.jpg,736,471
nombres,252,175,189,42,1643903404830.jpg,736,471
lugar_nacimiento,257,242,84,66,1643903404830.jpg,736,471
fecha_nacimiento,437,310,101,21,1643903404830.jpg,736,471
nacionalidad,379,337,136,18,1643903404830.jpg,736,471
sexo,304,364,83,19,1643903404830.jpg,736,471
huella_digital,572,45,162,205,1643903404846.jpg,778,494
firma,283,366,237,86,1643903404846.jpg,778,494
fecha_expiracion,48,268,109,30,1643903404846.jpg,778,494
cedula,260,49,104,17,1643903404865.jpg,365,238
nombres,121,86,110,23,1643903404865.jpg,365,238
lugar_nacimiento,118,122,108,35,1643903404865.jpg,365,238
fecha_nacimiento,220,156,56,16,1643903404865.jpg,365,238
nacionalidad,188,171,79,14,1643903404865.jpg,365,238
sexo,144,188,14,12,1643903404865.jpg,365,238
cedula,648,133,248,46,1643903404884.jpg,934,599
nombres,316,225,214,54,1643903404884.jpg,934,599
lugar_nacimiento,316,309,158,85,1643903404884.jpg,934,599
fecha_nacimiento,552,383,128,34,1643903404884.jpg,934,599
nacionalidad,469,421,185,25,1643903404884.jpg,934,599
sexo,374,456,88,30,1643903404884.jpg,934,599
huella_digital,642,54,177,214,1643903404902.jpg,873,553
firma,322,414,202,88,1643903404902.jpg,873,553
fecha_expiracion,57,303,114,30,1643903404902.jpg,873,553
sexo,740,347,127,39,1643903404921.jpg,1032,662
cedula,110,566,202,50,1643903404921.jpg,1032,662
nombres,335,125,166,60,1643903404921.jpg,1032,662
nombres,332,213,200,39,1643903404921.jpg,1032,662
nacionalidad,326,285,198,34,1643903404921.jpg,1032,662
fecha_nacimiento,331,359,169,24,1643903404921.jpg,1032,662
lugar_nacimiento,326,417,332,72,1643903404921.jpg,1032,662
fecha_expiracion,745,495,157,34,1643903404921.jpg,1032,662
firma,324,520,253,120,1643903404921.jpg,1032,662
cedula,720,138,275,50,1643903404957.jpg,1024,658
nombres,348,231,244,66,1643903404957.jpg,1024,658
lugar_nacimiento,353,327,165,92,1643903404957.jpg,1024,658
fecha_nacimiento,615,423,142,37,1643903404957.jpg,1024,658
nacionalidad,523,461,208,30,1643903404957.jpg,1024,658
sexo,408,499,36,31,1643903404957.jpg,1024,658
huella_digital,664,46,185,222,1643903404975.jpg,880,565
firma,336,402,219,91,1643903404975.jpg,880,565
fecha_expiracion,62,299,125,31,1643903404975.jpg,880,565
huella_digital,758,45,215,258,1643903404993.jpg,1024,624
firma,389,447,133,123,1643903404993.jpg,1024,624
fecha_expiracion,80,334,144,39,1643903404993.jpg,1024,624
cedula,716,146,269,40,1643903405011.jpg,1024,626
nombres,361,236,262,60,1643903405011.jpg,1024,626
lugar_nacimiento,363,321,178,88,1643903405011.jpg,1024,626
fecha_nacimiento,611,413,133,36,1643903405011.jpg,1024,626
nacionalidad,526,445,191,35,1643903405011.jpg,1024,626
sexo,421,484,28,29,1643903405011.jpg,1024,626
cedula,1123,228,302,55,1643903405030.jpg,1600,901
nombres,543,318,464,106,1643903405030.jpg,1600,901
lugar_nacimiento,543,452,457,138,1643903405030.jpg,1600,901
fecha_nacimiento,904,605,196,42,1643903405030.jpg,1600,901
nacionalidad,794,652,291,51,1643903405030.jpg,1600,901
sexo,632,703,53,53,1643903405030.jpg,1600,901
huella_digital,334,43,93,109,1643903405050.jpg,463,310
firma,167,210,155,56,1643903405050.jpg,463,310
fecha_expiracion,33,169,67,15,1643903405050.jpg,463,310
cedula,336,83,123,22,1643903405069.jpg,469,313
nombres,174,128,96,29,1643903405069.jpg,469,313
lugar_nacimiento,176,168,73,44,1643903405069.jpg,469,313
fecha_nacimiento,291,208,65,15,1643903405069.jpg,469,313
nacionalidad,253,225,87,15,1643903405069.jpg,469,313
sexo,202,242,17,14,1643903405069.jpg,469,313
huella_digital,454,229,111,131,1643903405092.jpg,1280,720
firma,256,430,184,69,1643903405092.jpg,1280,720
fecha_expiracion,97,377,77,16,1643903405092.jpg,1280,720
cedula,1073,274,142,25,1643903405092.jpg,1280,720
nombres,886,327,114,34,1643903405092.jpg,1280,720
lugar_nacimiento,889,375,83,46,1643903405092.jpg,1280,720
fecha_nacimiento,1021,421,75,15,1643903405092.jpg,1280,720
sexo,918,460,22,14,1643903405092.jpg,1280,720
nacionalidad,978,437,101,19,1643903405092.jpg,1280,720
huella_digital,974,62,254,309,1643903405111.jpg,1280,782
firma,486,581,353,115,1643903405111.jpg,1280,782
fecha_expiracion,74,433,189,41,1643903405111.jpg,1280,782
cedula,952,179,308,54,1643903405132.jpg,1280,834
nombres,489,290,322,80,1643903405132.jpg,1280,834
lugar_nacimiento,495,411,192,119,1643903405132.jpg,1280,834
fecha_nacimiento,827,523,184,51,1643903405132.jpg,1280,834
nacionalidad,725,577,252,45,1643903405132.jpg,1280,834
sexo,578,642,42,32,1643903405132.jpg,1280,834
cedula,252,53,96,17,1643903405149.jpg,369,237
nombres,124,90,72,23,1643903405149.jpg,369,237
lugar_nacimiento,124,122,49,35,1643903405149.jpg,369,237
fecha_nacimiento,214,155,52,15,1643903405149.jpg,369,237
nacionalidad,186,168,69,13,1643903405149.jpg,369,237
sexo,147,182,47,14,1643903405149.jpg,369,237
huella_digital,277,24,75,99,1643903405167.jpg,375,241
firma,145,168,74,53,1643903405167.jpg,375,241
fecha_expiracion,27,132,51,13,1643903405167.jpg,375,241
cedula,715,217,225,49,1643903405186.jpg,1056,1408
nombres,418,292,215,57,1643903405186.jpg,1056,1408
lugar_nacimiento,419,371,200,86,1643903405186.jpg,1056,1408
fecha_nacimiento,627,450,118,32,1643903405186.jpg,1056,1408
nacionalidad,559,478,155,32,1643903405186.jpg,1056,1408
sexo,468,511,101,30,1643903405186.jpg,1056,1408
huella_digital,713,107,173,222,1643903405204.jpg,1056,1408
firma,373,439,258,107,1643903405204.jpg,1056,1408
fecha_expiracion,150,360,108,29,1643903405204.jpg,1056,1408
cedula,278,58,81,15,1643903405242.jpg,375,242
nombres,130,89,77,23,1643903405242.jpg,375,242
lugar_nacimiento,130,122,58,35,1643903405242.jpg,375,242
fecha_nacimiento,220,159,52,13,1643903405242.jpg,375,242
nacionalidad,192,171,73,16,1643903405242.jpg,375,242
sexo,151,186,15,11,1643903405242.jpg,375,242
huella_digital,278,23,84,97,1643903405262.jpg,376,242
firma,138,168,114,53,1643903405262.jpg,376,242
fecha_expiracion,27,133,53,12,1643903405262.jpg,376,242
huella_digital,1168,90,319,400,1643903405283.jpg,1600,1002
firma,681,699,298,232,1643903405283.jpg,1600,1002
fecha_expiracion,121,558,230,49,1643903405283.jpg,1600,1002
cedula,1126,211,398,74,1643903405302.jpg,1600,1018
nombres,558,354,453,87,1643903405302.jpg,1600,1018
lugar_nacimiento,558,507,332,143,1643903405302.jpg,1600,1018
fecha_nacimiento,964,652,221,51,1643903405302.jpg,1600,1018
nacionalidad,825,713,306,49,1643903405302.jpg,1600,1018
sexo,658,775,194,45,1643903405302.jpg,1600,1018
huella_digital,990,61,251,326,1643903405318.jpg,1280,780
firma,471,552,368,157,1643903405318.jpg,1280,780
fecha_expiracion,109,411,178,47,1643903405318.jpg,1280,780
cedula,930,169,334,56,1643903405335.jpg,1280,796
nombres,474,280,392,86,1643903405335.jpg,1280,796
lugar_nacimiento,475,407,235,103,1643903405335.jpg,1280,796
fecha_nacimiento,792,517,181,44,1643903405335.jpg,1280,796
nacionalidad,682,555,251,51,1643903405335.jpg,1280,796
sexo,549,603,36,42,1643903405335.jpg,1280,796
huella_digital,872,137,255,294,1643903405354.jpg,1600,900
firma,491,644,375,113,1643903405354.jpg,1600,900
fecha_expiracion,113,499,166,38,1643903405354.jpg,1600,900
cedula,666,153,233,39,1643903405371.jpg,1280,720
nombres,325,248,224,56,1643903405371.jpg,1280,720
lugar_nacimiento,320,329,141,89,1643903405371.jpg,1280,720
fecha_nacimiento,580,418,132,31,1643903405371.jpg,1280,720
nacionalidad,496,451,190,35,1643903405371.jpg,1280,720
sexo,383,489,124,36,1643903405371.jpg,1280,720
cedula,792,300,286,52,1643903405389.jpg,1599,899
nombres,409,392,298,69,1643903405389.jpg,1599,899
lugar_nacimiento,409,491,113,98,1643903405389.jpg,1599,899
fecha_nacimiento,671,595,145,40,1643903405389.jpg,1599,899
nacionalidad,586,630,205,40,1643903405389.jpg,1599,899
sexo,470,666,33,33,1643903405389.jpg,1599,899
huella_digital,820,210,215,265,1643903405405.jpg,1599,899
firma,430,642,314,126,1643903405405.jpg,1599,899
fecha_expiracion,97,533,150,40,1643903405405.jpg,1599,899
huella_digital,1214,83,324,430,1643903405424.jpg,1599,1059
fecha_expiracion,68,571,234,49,1643903405424.jpg,1599,1059
firma,588,744,477,204,1643903405424.jpg,1599,1059
cedula,1098,200,449,75,1643903405443.jpg,1600,997
nombres,526,349,383,106,1643903405443.jpg,1600,997
lugar_nacimiento,532,489,213,142,1643903405443.jpg,1600,997
fecha_nacimiento,928,634,232,64,1643903405443.jpg,1600,997
nacionalidad,794,693,325,58,1643903405443.jpg,1600,997
sexo,619,755,45,51,1643903405443.jpg,1600,997
huella_digital,832,6,233,287,1643903405481.jpg,1131,711
fecha_expiracion,21,400,188,31,1643903405481.jpg,1131,711
nombres,272,194,238,75,1643903405499.jpg,966,620
lugar_nacimiento,271,292,114,110,1643903405499.jpg,966,620
fecha_nacimiento,524,406,154,34,1643903405499.jpg,966,620
nacionalidad,442,435,198,40,1643903405499.jpg,966,620
sexo,360,472,128,34,1643903405499.jpg,966,620
firma,681,476,211,82,1643903405499.jpg,966,620
cedula,701,130,255,47,1643903405499.jpg,966,620
cedula,738,143,216,39,1643903405518.jpg,990,618
nombres,340,223,230,60,1643903405518.jpg,990,618
lugar_nacimiento,344,314,356,90,1643903405518.jpg,990,618
fecha_nacimiento,585,407,134,29,1643903405518.jpg,990,618
nacionalidad,511,442,193,27,1643903405518.jpg,990,618
sexo,404,479,28,23,1643903405518.jpg,990,618
cedula,958,193,273,44,WhatsApp Image 2022-02-03 at 10.44.59 (1).jpeg,1280,827
nombres,441,299,296,75,WhatsApp Image 2022-02-03 at 10.44.59 (1).jpeg,1280,827
lugar_nacimiento,448,414,465,116,WhatsApp Image 2022-02-03 at 10.44.59 (1).jpeg,1280,827
fecha_nacimiento,755,540,187,39,WhatsApp Image 2022-02-03 at 10.44.59 (1).jpeg,1280,827
nacionalidad,661,581,251,42,WhatsApp Image 2022-02-03 at 10.44.59 (1).jpeg,1280,827
sexo,518,634,33,35,WhatsApp Image 2022-02-03 at 10.44.59 (1).jpeg,1280,827
huella_digital,1177,83,320,408,WhatsApp Image 2022-02-03 at 10.44.59 (2).jpeg,1550,989
firma,526,701,451,219,WhatsApp Image 2022-02-03 at 10.44.59 (2).jpeg,1550,989
fecha_expiracion,101,535,219,51,WhatsApp Image 2022-02-03 at 10.44.59 (2).jpeg,1550,989
cedula,1115,217,400,70,WhatsApp Image 2022-02-03 at 10.44.59 (3).jpeg,1600,984
nombres,534,350,379,100,WhatsApp Image 2022-02-03 at 10.44.59 (3).jpeg,1600,984
lugar_nacimiento,538,503,289,149,WhatsApp Image 2022-02-03 at 10.44.59 (3).jpeg,1600,984
fecha_nacimiento,945,647,219,66,WhatsApp Image 2022-02-03 at 10.44.59 (3).jpeg,1600,984
nacionalidad,811,709,304,53,WhatsApp Image 2022-02-03 at 10.44.59 (3).jpeg,1600,984
sexo,645,777,196,45,WhatsApp Image 2022-02-03 at 10.44.59 (3).jpeg,1600,984
cedula,1077,214,391,64,WhatsApp Image 2022-02-03 at 10.44.59 (4).jpeg,1600,1021
nombres,545,363,379,91,WhatsApp Image 2022-02-03 at 10.44.59 (4).jpeg,1600,1021
lugar_nacimiento,538,497,215,153,WhatsApp Image 2022-02-03 at 10.44.59 (4).jpeg,1600,1021
fecha_nacimiento,930,652,213,57,WhatsApp Image 2022-02-03 at 10.44.59 (4).jpeg,1600,1021
nacionalidad,808,705,294,51,WhatsApp Image 2022-02-03 at 10.44.59 (4).jpeg,1600,1021
sexo,634,775,160,47,WhatsApp Image 2022-02-03 at 10.44.59 (4).jpeg,1600,1021
huella_digital,978,58,264,329,WhatsApp Image 2022-02-03 at 10.44.59.jpeg,1280,784
firma,518,590,328,109,WhatsApp Image 2022-02-03 at 10.44.59.jpeg,1280,784
fecha_expiracion,95,431,172,32,WhatsApp Image 2022-02-03 at 10.44.59.jpeg,1280,784
cedula,1189,237,437,80,WhatsApp Image 2022-02-03 at 10.45.00 (1).jpeg,1692,1072
nombres,577,396,405,102,WhatsApp Image 2022-02-03 at 10.45.00 (1).jpeg,1692,1072
lugar_nacimiento,567,546,202,162,WhatsApp Image 2022-02-03 at 10.45.00 (1).jpeg,1692,1072
fecha_nacimiento,1000,708,221,62,WhatsApp Image 2022-02-03 at 10.45.00 (1).jpeg,1692,1072
nacionalidad,854,769,321,62,WhatsApp Image 2022-02-03 at 10.45.00 (1).jpeg,1692,1072
sexo,678,837,160,54,WhatsApp Image 2022-02-03 at 10.45.00 (1).jpeg,1692,1072
huella_digital,579,222,148,196,WhatsApp Image 2022-02-03 at 10.45.00 (2).jpeg,1600,900
firma,311,524,151,88,WhatsApp Image 2022-02-03 at 10.45.00 (2).jpeg,1600,900
fecha_expiracion,79,447,102,24,WhatsApp Image 2022-02-03 at 10.45.00 (2).jpeg,1600,900
cedula,558,387,176,28,WhatsApp Image 2022-02-03 at 10.45.00 (3).jpeg,1600,900
nombres,316,452,176,44,WhatsApp Image 2022-02-03 at 10.45.00 (3).jpeg,1600,900
lugar_nacimiento,316,515,72,62,WhatsApp Image 2022-02-03 at 10.45.00 (3).jpeg,1600,900
fecha_nacimiento,488,576,91,22,WhatsApp Image 2022-02-03 at 10.45.00 (3).jpeg,1600,900
nacionalidad,432,599,132,25,WhatsApp Image 2022-02-03 at 10.45.00 (3).jpeg,1600,900
sexo,363,626,65,22,WhatsApp Image 2022-02-03 at 10.45.00 (3).jpeg,1600,900
huella_digital,1470,81,409,540,WhatsApp Image 2022-02-03 at 10.45.00.jpeg,1972,1232
firma,670,890,484,233,WhatsApp Image 2022-02-03 at 10.45.00.jpeg,1972,1232
fecha_expiracion,119,667,274,77,WhatsApp Image 2022-02-03 at 10.45.00.jpeg,1972,1232
cedula,871,298,284,59,WhatsApp Image 2022-02-03 at 10.45.01 (1).jpeg,1599,899
nombres,485,380,251,84,WhatsApp Image 2022-02-03 at 10.45.01 (1).jpeg,1599,899
lugar_nacimiento,474,494,245,106,WhatsApp Image 2022-02-03 at 10.45.01 (1).jpeg,1599,899
fecha_nacimiento,757,591,154,36,WhatsApp Image 2022-02-03 at 10.45.01 (1).jpeg,1599,899
nacionalidad,664,628,220,39,WhatsApp Image 2022-02-03 at 10.45.01 (1).jpeg,1599,899
sexo,550,667,108,43,WhatsApp Image 2022-02-03 at 10.45.01 (1).jpeg,1599,899
fecha_expiracion,1297,519,143,38,WhatsApp Image 2022-02-03 at 10.45.01 (1).jpeg,1599,899
cedula,968,302,344,52,WhatsApp Image 2022-02-03 at 10.45.01 (2).jpeg,1408,1056
nombres,515,427,294,83,WhatsApp Image 2022-02-03 at 10.45.01 (2).jpeg,1408,1056
lugar_nacimiento,516,556,278,118,WhatsApp Image 2022-02-03 at 10.45.01 (2).jpeg,1408,1056
fecha_nacimiento,845,653,175,49,WhatsApp Image 2022-02-03 at 10.45.01 (2).jpeg,1408,1056
nacionalidad,742,705,247,40,WhatsApp Image 2022-02-03 at 10.45.01 (2).jpeg,1408,1056
sexo,600,754,132,43,WhatsApp Image 2022-02-03 at 10.45.01 (2).jpeg,1408,1056
huella_digital,1018,162,300,363,WhatsApp Image 2022-02-03 at 10.45.01 (3).jpeg,1408,1056
firma,532,745,382,99,WhatsApp Image 2022-02-03 at 10.45.01 (3).jpeg,1408,1056
fecha_expiracion,134,608,172,49,WhatsApp Image 2022-02-03 at 10.45.01 (3).jpeg,1408,1056
cedula,390,97,135,22,WhatsApp Image 2022-02-03 at 10.45.01.jpeg,720,833
nombres,210,150,97,32,WhatsApp Image 2022-02-03 at 10.45.01.jpeg,720,833
lugar_nacimiento,211,198,69,46,WhatsApp Image 2022-02-03 at 10.45.01.jpeg,720,833
fecha_nacimiento,338,244,72,16,WhatsApp Image 2022-02-03 at 10.45.01.jpeg,720,833
nacionalidad,298,260,97,19,WhatsApp Image 2022-02-03 at 10.45.01.jpeg,720,833
sexo,242,281,65,17,WhatsApp Image 2022-02-03 at 10.45.01.jpeg,720,833
cedula,586,139,233,41,WhatsApp Image 2022-02-03 at 10.45.02 (1).jpeg,900,605
nombres,288,217,186,59,WhatsApp Image 2022-02-03 at 10.45.02 (1).jpeg,900,605
lugar_nacimiento,288,303,172,79,WhatsApp Image 2022-02-03 at 10.45.02 (1).jpeg,900,605
fecha_nacimiento,499,370,117,29,WhatsApp Image 2022-02-03 at 10.45.02 (1).jpeg,900,605
nacionalidad,423,398,171,32,WhatsApp Image 2022-02-03 at 10.45.02 (1).jpeg,900,605
sexo,338,435,83,22,WhatsApp Image 2022-02-03 at 10.45.02 (1).jpeg,900,605
huella_digital,948,103,193,254,WhatsApp Image 2022-02-03 at 10.45.02 (2).jpeg,1280,720
firma,632,478,171,151,WhatsApp Image 2022-02-03 at 10.45.02 (2).jpeg,1280,720
fecha_expiracion,242,365,160,48,WhatsApp Image 2022-02-03 at 10.45.02 (2).jpeg,1280,720
cedula,888,128,260,51,WhatsApp Image 2022-02-03 at 10.45.02 (3).jpeg,1280,720
nombres,524,211,207,68,WhatsApp Image 2022-02-03 at 10.45.02 (3).jpeg,1280,720
lugar_nacimiento,527,306,205,104,WhatsApp Image 2022-02-03 at 10.45.02 (3).jpeg,1280,720
fecha_nacimiento,794,405,148,35,WhatsApp Image 2022-02-03 at 10.45.02 (3).jpeg,1280,720
nacionalidad,712,435,201,44,WhatsApp Image 2022-02-03 at 10.45.02 (3).jpeg,1280,720
sexo,589,484,39,44,WhatsApp Image 2022-02-03 at 10.45.02 (3).jpeg,1280,720
cedula,894,173,346,65,WhatsApp Image 2022-02-03 at 10.45.02 (4).jpeg,1280,819
nombres,421,302,303,78,WhatsApp Image 2022-02-03 at 10.45.02 (4).jpeg,1280,819
lugar_nacimiento,435,416,140,127,WhatsApp Image 2022-02-03 at 10.45.02 (4).jpeg,1280,819
fecha_nacimiento,759,547,180,41,WhatsApp Image 2022-02-03 at 10.45.02 (4).jpeg,1280,819
nacionalidad,649,592,251,41,WhatsApp Image 2022-02-03 at 10.45.02 (4).jpeg,1280,819
sexo,510,648,44,32,WhatsApp Image 2022-02-03 at 10.45.02 (4).jpeg,1280,819
nombres,432,150,228,92,WhatsApp Image 2022-02-03 at 10.45.02.jpeg,1600,900
nombres,434,282,338,45,WhatsApp Image 2022-02-03 at 10.45.02.jpeg,1600,900
cedula,83,793,306,75,WhatsApp Image 2022-02-03 at 10.45.02.jpeg,1600,900
firma,415,731,325,169,WhatsApp Image 2022-02-03 at 10.45.02.jpeg,1600,900
sexo,1051,471,153,55,WhatsApp Image 2022-02-03 at 10.45.02.jpeg,1600,900
nacionalidad,430,378,287,47,WhatsApp Image 2022-02-03 at 10.45.02.jpeg,1600,900
fecha_nacimiento,434,482,245,47,WhatsApp Image 2022-02-03 at 10.45.02.jpeg,1600,900
lugar_nacimiento,421,571,357,108,WhatsApp Image 2022-02-03 at 10.45.02.jpeg,1600,900
fecha_expiracion,1062,688,260,55,WhatsApp Image 2022-02-03 at 10.45.02.jpeg,1600,900
cedula,796,161,297,47,WhatsApp Image 2022-02-03 at 10.47.03 (1).jpeg,1140,717
nombres,387,268,329,74,WhatsApp Image 2022-02-03 at 10.47.03 (1).jpeg,1140,717
lugar_nacimiento,390,376,132,101,WhatsApp Image 2022-02-03 at 10.47.03 (1).jpeg,1140,717
fecha_nacimiento,675,467,149,34,WhatsApp Image 2022-02-03 at 10.47.03 (1).jpeg,1140,717
nacionalidad,581,506,211,35,WhatsApp Image 2022-02-03 at 10.47.03 (1).jpeg,1140,717
sexo,461,549,138,35,WhatsApp Image 2022-02-03 at 10.47.03 (1).jpeg,1140,717
huella_digital,847,30,244,299,WhatsApp Image 2022-02-03 at 10.47.03 (2).jpeg,1151,696
firma,499,503,147,143,WhatsApp Image 2022-02-03 at 10.47.03 (2).jpeg,1151,696
fecha_expiracion,87,400,156,35,WhatsApp Image 2022-02-03 at 10.47.03 (2).jpeg,1151,696
cedula,461,79,181,35,WhatsApp Image 2022-02-03 at 10.47.04 (2).jpeg,652,409
nombres,222,146,175,42,WhatsApp Image 2022-02-03 at 10.47.04 (2).jpeg,652,409
lugar_nacimiento,226,209,131,60,WhatsApp Image 2022-02-03 at 10.47.04 (2).jpeg,652,409
fecha_nacimiento,394,267,89,23,WhatsApp Image 2022-02-03 at 10.47.04 (2).jpeg,652,409
nacionalidad,337,291,129,22,WhatsApp Image 2022-02-03 at 10.47.04 (2).jpeg,652,409
sexo,266,320,18,20,WhatsApp Image 2022-02-03 at 10.47.04 (2).jpeg,652,409
huella_digital,497,34,135,170,WhatsApp Image 2022-02-03 at 10.47.04 (3).jpeg,654,416
firma,233,292,187,95,WhatsApp Image 2022-02-03 at 10.47.04 (3).jpeg,654,416
fecha_expiracion,37,231,92,17,WhatsApp Image 2022-02-03 at 10.47.04 (3).jpeg,654,416
cedula,714,156,261,37,WhatsApp Image 2022-02-03 at 10.47.05 (1).jpeg,1009,669
nombres,353,243,280,59,WhatsApp Image 2022-02-03 at 10.47.05 (1).jpeg,1009,669
lugar_nacimiento,364,334,133,90,WhatsApp Image 2022-02-03 at 10.47.05 (1).jpeg,1009,669
fecha_nacimiento,608,431,139,30,WhatsApp Image 2022-02-03 at 10.47.05 (1).jpeg,1009,669
nacionalidad,528,462,188,31,WhatsApp Image 2022-02-03 at 10.47.05 (1).jpeg,1009,669
sexo,419,501,31,31,WhatsApp Image 2022-02-03 at 10.47.05 (1).jpeg,1009,669
huella_digital,765,49,208,265,WhatsApp Image 2022-02-03 at 10.47.05 (3).jpeg,1014,649
firma,358,457,299,109,WhatsApp Image 2022-02-03 at 10.47.05 (3).jpeg,1014,649
fecha_expiracion,84,352,140,35,WhatsApp Image 2022-02-03 at 10.47.05 (3).jpeg,1014,649
huella_digital,927,101,269,329,WhatsApp Image 2022-02-03 at 10.47.06 (1).jpeg,1280,829
firma,489,605,264,142,WhatsApp Image 2022-02-03 at 10.47.06 (1).jpeg,1280,829
fecha_expiracion,98,466,162,38,WhatsApp Image 2022-02-03 at 10.47.06 (1).jpeg,1280,829
cedula,511,105,201,39,WhatsApp Image 2022-02-03 at 10.47.06 (4).jpeg,730,472
nombres,255,172,203,39,WhatsApp Image 2022-02-03 at 10.47.06 (4).jpeg,730,472
lugar_nacimiento,251,237,155,66,WhatsApp Image 2022-02-03 at 10.47.06 (4).jpeg,730,472
fecha_nacimiento,437,307,96,27,WhatsApp Image 2022-02-03 at 10.47.06 (4).jpeg,730,472
nacionalidad,372,332,145,27,WhatsApp Image 2022-02-03 at 10.47.06 (4).jpeg,730,472
sexo,293,359,26,23,WhatsApp Image 2022-02-03 at 10.47.06 (4).jpeg,730,472
cedula,875,192,326,53,WhatsApp Image 2022-02-03 at 10.47.06.jpeg,1280,821
nombres,433,311,273,69,WhatsApp Image 2022-02-03 at 10.47.06.jpeg,1280,821
lugar_nacimiento,433,423,207,112,WhatsApp Image 2022-02-03 at 10.47.06.jpeg,1280,821
fecha_nacimiento,743,539,175,45,WhatsApp Image 2022-02-03 at 10.47.06.jpeg,1280,821
nacionalidad,638,589,242,36,WhatsApp Image 2022-02-03 at 10.47.06.jpeg,1280,821
sexo,546,626,154,42,WhatsApp Image 2022-02-03 at 10.47.06.jpeg,1280,821
cedula,1106,214,419,72,WhatsApp Image 2022-02-03 at 10.47.07 (1).jpeg,1600,1010
nombres,542,358,417,106,WhatsApp Image 2022-02-03 at 10.47.07 (1).jpeg,1600,1010
lugar_nacimiento,543,503,226,157,WhatsApp Image 2022-02-03 at 10.47.07 (1).jpeg,1600,1010
fecha_nacimiento,940,665,217,57,WhatsApp Image 2022-02-03 at 10.47.07 (1).jpeg,1600,1010
nacionalidad,809,722,308,49,WhatsApp Image 2022-02-03 at 10.47.07 (1).jpeg,1600,1010
sexo,649,775,143,58,WhatsApp Image 2022-02-03 at 10.47.07 (1).jpeg,1600,1010
huella_digital,1200,66,330,404,WhatsApp Image 2022-02-03 at 10.47.07 (2).jpeg,1600,982
firma,568,678,328,236,WhatsApp Image 2022-02-03 at 10.47.07 (2).jpeg,1600,982
fecha_expiracion,106,534,219,42,WhatsApp Image 2022-02-03 at 10.47.07 (2).jpeg,1600,982
huella_digital,556,45,148,190,WhatsApp Image 2022-02-03 at 10.47.07.jpeg,721,468
firma,281,333,204,87,WhatsApp Image 2022-02-03 at 10.47.07.jpeg,721,468
fecha_expiracion,47,249,100,23,WhatsApp Image 2022-02-03 at 10.47.07.jpeg,721,468
cedula,452,106,176,25,WhatsApp Image 2022-02-03 at 10.47.08 (1).jpeg,662,433
nombres,221,165,148,39,WhatsApp Image 2022-02-03 at 10.47.08 (1).jpeg,662,433
lugar_nacimiento,226,224,194,59,WhatsApp Image 2022-02-03 at 10.47.08 (1).jpeg,662,433
fecha_nacimiento,386,280,88,26,WhatsApp Image 2022-02-03 at 10.47.08 (1).jpeg,662,433
nacionalidad,330,305,127,23,WhatsApp Image 2022-02-03 at 10.47.08 (1).jpeg,662,433
sexo,265,330,18,20,WhatsApp Image 2022-02-03 at 10.47.08 (1).jpeg,662,433
huella_digital,487,50,139,165,WhatsApp Image 2022-02-03 at 10.47.08 (2).jpeg,664,442
firma,234,304,186,89,WhatsApp Image 2022-02-03 at 10.47.08 (2).jpeg,664,442
fecha_expiracion,51,243,90,22,WhatsApp Image 2022-02-03 at 10.47.08 (2).jpeg,664,442
nombres,524,330,237,101,WhatsApp Image 2022-02-03 at 10.47.08.jpeg,1600,1200
nombres,530,470,330,55,WhatsApp Image 2022-02-03 at 10.47.08.jpeg,1600,1200
nacionalidad,524,564,276,65,WhatsApp Image 2022-02-03 at 10.47.08.jpeg,1600,1200
fecha_nacimiento,508,663,253,63,WhatsApp Image 2022-02-03 at 10.47.08.jpeg,1600,1200
lugar_nacimiento,512,768,306,93,WhatsApp Image 2022-02-03 at 10.47.08.jpeg,1600,1200
firma,518,902,377,168,WhatsApp Image 2022-02-03 at 10.47.08.jpeg,1600,1200
cedula,208,936,276,99,WhatsApp Image 2022-02-03 at 10.47.08.jpeg,1600,1200
sexo,1110,687,144,59,WhatsApp Image 2022-02-03 at 10.47.08.jpeg,1600,1200
fecha_expiracion,1108,888,213,55,WhatsApp Image 2022-02-03 at 10.47.08.jpeg,1600,1200
nombres,108,77,98,20,C10.png,684,441
cedula,228,49,83,18,C10.png,684,441
lugar_nacimiento,108,107,71,28,C10.png,684,441
fecha_nacimiento,189,136,48,13,C10.png,684,441
nacionalidad,166,146,61,14,C10.png,684,441
sexo,129,159,33,9,C10.png,684,441
fecha_expiracion,378,112,46,11,C10.png,684,441
huella_digital,596,18,64,88,C10.png,684,441
firma,452,140,121,43,C10.png,684,441
cedula,575,132,218,42,C11PF.png,840,566
nombres,294,219,224,51,C11PF.png,840,566
lugar_nacimiento,300,293,106,73,C11PF.png,840,566
fecha_nacimiento,503,355,107,36,C11PF.png,840,566
nacionalidad,437,386,161,30,C11PF.png,840,566
sexo,351,424,37,28,C11PF.png,840,566
huella_digital,619,54,168,211,C11PT.png,822,539
firma,297,361,261,114,C11PT.png,822,539
fecha_expiracion,63,288,115,24,C11PT.png,822,539
nombres,609,423,393,106,C12PF.png,1792,1152
cedula,1261,234,495,102,C12PF.png,1792,1152
lugar_nacimiento,601,582,261,167,C12PF.png,1792,1152
fecha_nacimiento,1061,757,242,59,C12PF.png,1792,1152
nacionalidad,912,816,348,53,C12PF.png,1792,1152
sexo,719,883,69,67,C12PF.png,1792,1152
fecha_expiracion,105,682,293,81,C12PT.png,1952,1248
huella_digital,1455,61,424,559,C12PT.png,1952,1248
firma,604,859,713,242,C12PT.png,1952,1248
cedula,543,121,214,39,C13PF.jpg,802,528
nombres,258,197,191,50,C13PF.jpg,802,528
lugar_nacimiento,264,269,160,72,C13PF.jpg,802,528
fecha_nacimiento,457,347,111,23,C13PF.jpg,802,528
nacionalidad,391,374,153,25,C13PF.jpg,802,528
sexo,310,403,100,24,C13PF.jpg,802,528
fecha_expiracion,39,295,115,34,C13PT.jpg,821,528
huella_digital,578,55,171,230,C13PT.jpg,821,528
firma,323,365,186,122,C13PT.jpg,821,528
cedula,479,98,181,32,C14PF.png,684,438
nombres,242,163,189,40,C14PF.png,684,438
lugar_nacimiento,245,224,96,59,C14PF.png,684,438
fecha_nacimiento,410,282,95,25,C14PF.png,684,438
nacionalidad,355,308,134,22,C14PF.png,684,438
sexo,284,333,26,23,C14PF.png,684,438
fecha_expiracion,52,237,92,20,C14PT.png,684,429
huella_digital,503,41,154,178,C14PT.png,684,429
firma,230,316,193,62,C14PT.png,684,429
cedula,320,128,118,22,C15.png,951,390
nombres,169,164,101,27,C15.png,951,390
lugar_nacimiento,169,201,62,39,C15.png,951,390
fecha_nacimiento,272,242,63,17,C15.png,951,390
nacionalidad,239,258,83,16,C15.png,951,390
sexo,190,271,26,15,C15.png,951,390
huella_digital,813,93,96,112,C15.png,951,390
firma,649,262,107,57,C15.png,951,390
fecha_expiracion,524,218,59,12,C15.png,951,390
cedula,451,103,169,31,C16PF.png,644,447
nombres,227,166,162,43,C16PF.png,644,447
lugar_nacimiento,227,228,120,61,C16PF.png,644,447
fecha_nacimiento,386,293,88,19,C16PF.png,644,447
nacionalidad,337,315,121,23,C16PF.png,644,447
sexo,266,341,25,20,C16PF.png,644,447
fecha_expiracion,58,245,91,21,C16PT.png,636,447
huella_digital,480,44,135,169,C16PT.png,636,447
firma,248,323,144,70,C16PT.png,636,447
cedula,473,98,174,30,C17PF.png,680,431
nombres,232,158,161,45,C17PF.png,680,431
lugar_nacimiento,229,223,209,59,C17PF.png,680,431
fecha_nacimiento,400,285,93,21,C17PF.png,680,431
nacionalidad,346,304,130,24,C17PF.png,680,431
sexo,277,330,86,24,C17PF.png,680,431
huella_digital,492,24,139,181,C17PT.png,672,420
firma,240,291,143,89,C17PT.png,672,420
fecha_expiracion,46,234,91,23,C17PT.png,672,420
cedula,237,63,90,21,C18.png,736,235
nombres,124,94,73,22,C18.png,736,235
lugar_nacimiento,123,122,54,31,C18.png,736,235
fecha_nacimiento,203,152,46,14,C18.png,736,235
nacionalidad,178,163,61,13,C18.png,736,235
sexo,141,176,15,9,C18.png,736,235
huella_digital,651,33,71,87,C18.png,736,235
firma,535,157,59,46,C18.png,736,235
fecha_expiracion,433,126,45,12,C18.png,736,235
cedula,686,117,270,48,C19PF.png,992,620
nombres,326,212,262,58,C19PF.png,992,620
lugar_nacimiento,328,302,144,97,C19PF.png,992,620
fecha_nacimiento,580,395,140,34,C19PF.png,992,620
nacionalidad,498,433,190,33,C19PF.png,992,620
sexo,380,466,51,34,C19PF.png,992,620
huella_digital,728,25,230,279,C19PT.png,990,624
firma,303,419,275,136,C19PT.png,990,624
fecha_expiracion,53,317,142,40,C19PT.png,990,624
cedula,409,70,154,29,C1PF.jpg,571,368
nombres,204,130,164,38,C1PF.jpg,571,368
lugar_nacimiento,209,188,71,56,C1PF.jpg,571,368
fecha_nacimiento,358,237,81,23,C1PF.jpg,571,368
nacionalidad,310,258,114,22,C1PF.jpg,571,368
sexo,246,288,16,18,C1PF.jpg,571,368
firma,232,273,113,76,C1PT.jpg,564,371
huella_digital,436,41,124,164,C1PT.jpg,564,371
fecha_expiracion,34,211,94,20,C1PT.jpg,564,371
cedula,490,89,177,30,C20PF.png,688,435
nombres,195,142,180,51,C20PF.png,688,435
lugar_nacimiento,195,214,213,69,C20PF.png,688,435
fecha_nacimiento,374,282,105,24,C20PF.png,688,435
nacionalidad,313,308,134,24,C20PF.png,688,435
sexo,277,330,69,22,C20PF.png,688,435
firma,510,324,121,78,C20PF.png,688,435
huella_digital,496,16,161,185,C20PT.png,684,441
fecha_expiracion,15,249,122,26,C20PT.png,684,441
cedula,595,147,200,35,C21PF.jpg,837,558
nombres,306,221,221,50,C21PF.jpg,837,558
lugar_nacimiento,306,298,132,75,C21PF.jpg,837,558
fecha_nacimiento,509,374,112,28,C21PF.jpg,837,558
nacionalidad,443,407,154,25,C21PF.jpg,837,558
sexo,356,437,81,23,C21PF.jpg,837,558
huella_digital,628,107,162,213,C21PT.jpg,845,592
fecha_expiracion,42,362,126,28,C21PT.jpg,845,592
firma,261,453,182,92,C21PT.jpg,845,592
cedula,945,183,292,65,C22PF.jpg,1280,827
nombres,438,296,310,77,C22PF.jpg,1280,827
lugar_nacimiento,444,415,481,124,C22PF.jpg,1280,827
fecha_nacimiento,759,536,177,39,C22PF.jpg,1280,827
nacionalidad,660,583,254,53,C22PF.jpg,1280,827
sexo,519,625,45,48,C22PF.jpg,1280,827
huella_digital,970,52,292,349,C22PT.jpg,1280,784
firma,481,570,385,139,C22PT.jpg,1280,784
fecha_expiracion,91,430,182,32,C22PT.jpg,1280,784
cedula,723,227,134,26,C23.jpg,1241,1754
nombres,541,277,119,32,C23.jpg,1241,1754
lugar_nacimiento,540,323,62,47,C23.jpg,1241,1754
fecha_nacimiento,666,366,71,18,C23.jpg,1241,1754
nacionalidad,624,384,100,16,C23.jpg,1241,1754
sexo,571,401,62,19,C23.jpg,1241,1754
huella_digital,739,633,116,138,C23.jpg,1241,1754
firma,606,828,100,69,C23.jpg,1241,1754
fecha_expiracion,398,773,72,21,C23.jpg,1241,1754
cedula,244,59,90,19,C24.png,710,570
nombres,120,87,86,25,C24.png,710,570
lugar_nacimiento,122,120,55,31,C24.png,710,570
fecha_nacimiento,205,153,51,13,C24.png,710,570
nacionalidad,178,164,69,15,C24.png,710,570
sexo,140,173,16,14,C24.png,710,570
huella_digital,615,34,80,95,C24.png,710,570
firma,484,170,110,44,C24.png,710,570
fecha_expiracion,386,132,51,14,C24.png,710,570
cedula,491,107,151,28,C25PF.png,664,404
nombres,223,145,181,39,C25PF.png,664,404
lugar_nacimiento,226,209,81,58,C25PF.png,664,404
fecha_nacimiento,384,266,95,22,C25PF.png,664,404
nacionalidad,337,291,130,23,C25PF.png,664,404
sexo,265,315,24,20,C25PF.png,664,404
huella_digital,1024,32,295,370,C25PT.PNG,1340,810
firma,488,597,323,194,C25PT.PNG,1340,810
fecha_expiracion,72,448,200,46,C25PT.PNG,1340,810
cedula,243,39,94,16,C26PF.jpg,341,214
nombres,116,74,105,22,C26PF.jpg,341,214
lugar_nacimiento,116,105,44,32,C26PF.jpg,341,214
fecha_nacimiento,201,138,52,13,C26PF.jpg,341,214
nacionalidad,176,150,67,11,C26PF.jpg,341,214
sexo,137,164,13,12,C26PF.jpg,341,214
huella_digital,256,11,76,92,C26PT.jpg,344,218
firma,118,152,126,40,C26PT.jpg,344,218
fecha_expiracion,23,114,50,13,C26PT.jpg,344,218
cedula,407,73,157,28,C27.png,1226,375
nombres,208,125,145,34,C27.png,1226,375
lugar_nacimiento,211,176,77,51,C27.png,1226,375
fecha_nacimiento,352,229,79,18,C27.png,1226,375
nacionalidad,304,248,112,22,C27.png,1226,375
sexo,243,270,22,17,C27.png,1226,375
huella_digital,1065,21,129,158,C27.png,1226,375
firma,866,256,136,67,C27.png,1226,375
fecha_expiracion,673,195,81,19,C27.png,1226,375
cedula,287,62,102,17,C28.png,838,575
nombres,146,99,89,24,C28.png,838,575
lugar_nacimiento,148,134,107,36,C28.png,838,575
fecha_nacimiento,251,168,53,14,C28.png,838,575
nacionalidad,219,182,76,15,C28.png,838,575
sexo,185,200,45,13,C28.png,838,575
huella_digital,733,26,89,103,C28.png,838,575
firma,609,181,64,48,C28.png,838,575
fecha_expiracion,471,136,61,15,C28.png,838,575
cedula,362,83,134,28,C29.png,1078,688
nombres,181,129,113,34,C29.png,1078,688
lugar_nacimiento,183,174,50,49,C29.png,1078,688
fecha_nacimiento,307,224,69,17,C29.png,1078,688
nacionalidad,262,241,100,18,C29.png,1078,688
sexo,212,257,18,16,C29.png,1078,688
huella_digital,964,49,109,135,C29.png,1078,688
firma,792,244,107,71,C29.png,1078,688
fecha_expiracion,622,192,71,18,C29.png,1078,688
cedula,1107,210,421,77,C2PF.jpg,1600,984
nombres,539,357,386,102,C2PF.jpg,1600,984
lugar_nacimiento,539,499,305,153,C2PF.jpg,1600,984
fecha_nacimiento,944,655,214,53,C2PF.jpg,1600,984
nacionalidad,807,715,319,49,C2PF.jpg,1600,984
sexo,647,774,189,46,C2PF.jpg,1600,984
huella_digital,1176,73,325,415,C2PT.jpg,1550,989
firma,515,692,457,226,C2PT.jpg,1550,989
fecha_expiracion,93,534,226,53,C2PT.jpg,1550,989
cedula,276,73,92,18,C3.png,416,532
nombres,159,110,82,21,C3.png,416,532
lugar_nacimiento,160,142,95,29,C3.png,416,532
fecha_nacimiento,244,169,46,14,C3.png,416,532
nacionalidad,217,182,65,12,C3.png,416,532
sexo,182,196,33,10,C3.png,416,532
huella_digital,289,291,80,95,C3.png,416,532
firma,154,433,79,47,C3.png,416,532
fecha_expiracion,46,398,51,12,C3.png,416,532
cedula,465,82,182,34,C30PF.jpg,657,411
nombres,228,143,197,43,C30PF.jpg,657,411
lugar_nacimiento,231,204,79,61,C30PF.jpg,657,411
fecha_nacimiento,399,265,95,24,C30PF.jpg,657,411
nacionalidad,344,290,130,23,C30PF.jpg,657,411
sexo,272,313,23,24,C30PF.jpg,657,411
huella_digital,503,35,144,177,C30PT.jpg,658,427
firma,246,301,177,96,C30PT.jpg,658,427
fecha_expiracion,46,239,100,19,C30PT.jpg,658,427
cedula,498,88,189,37,C31PF.PNG,695,437
nombres,242,155,170,46,C31PF.PNG,695,437
lugar_nacimiento,241,222,98,66,C31PF.PNG,695,437
fecha_nacimiento,418,289,104,27,C31PF.PNG,695,437
nacionalidad,357,316,146,22,C31PF.PNG,695,437
sexo,280,338,28,26,C31PF.PNG,695,437
huella_digital,528,23,146,188,C31PT.PNG,674,445
firma,223,316,242,89,C31PT.PNG,674,445
fecha_expiracion,34,242,104,22,C31PT.PNG,674,445
cedula,465,90,175,27,C32PF.PNG,673,420
nombres,235,152,143,44,C32PF.PNG,673,420
lugar_nacimiento,235,214,94,61,C32PF.PNG,673,420
fecha_nacimiento,404,276,92,21,C32PF.PNG,673,420
nacionalidad,349,299,123,21,C32PF.PNG,673,420
sexo,280,325,80,20,C32PF.PNG,673,420
huella_digital,537,32,141,188,C32PT.PNG,710,448
firma,303,315,103,89,C32PT.PNG,710,448
fecha_expiracion,47,243,103,23,C32PT.PNG,710,448
cedula,323,60,127,23,C33PF.jpg,472,291
nombres,154,102,106,32,C33PF.jpg,472,291
lugar_nacimiento,154,146,66,42,C33PF.jpg,472,291
fecha_nacimiento,273,191,69,17,C33PF.jpg,472,291
nacionalidad,235,206,89,18,C33PF.jpg,472,291
sexo,183,224,63,16,C33PF.jpg,472,291
huella_digital,349,15,100,126,C33PT.jpg,468,293
firma,163,200,98,69,C33PT.jpg,468,293
fecha_expiracion,26,156,68,18,C33PT.jpg,468,293
cedula,468,136,175,33,C34.jpg,1333,1024
nombres,245,207,173,39,C34.jpg,1333,1024
lugar_nacimiento,249,265,91,59,C34.jpg,1333,1024
fecha_nacimiento,409,318,94,23,C34.jpg,1333,1024
nacionalidad,357,339,126,28,C34.jpg,1333,1024
sexo,289,370,19,23,C34.jpg,1333,1024
huella_digital,1170,53,148,178,C34.jpg,1333,1024
firma,925,316,198,78,C34.jpg,1333,1024
fecha_expiracion,742,256,91,22,C34.jpg,1333,1024
cedula,498,137,174,34,C35.jpg,1424,1053
nombres,253,192,183,43,C35.jpg,1424,1053
lugar_nacimiento,254,255,102,64,C35.jpg,1424,1053
fecha_nacimiento,423,321,89,25,C35.jpg,1424,1053
nacionalidad,364,341,128,33,C35.jpg,1424,1053
sexo,294,364,26,26,C35.jpg,1424,1053
huella_digital,1217,73,142,178,C35.jpg,1424,1053
firma,977,345,134,79,C35.jpg,1424,1053
fecha_expiracion,767,267,89,26,C35.jpg,1424,1053
cedula,266,50,100,19,C36.png,764,530
nombres,128,86,87,25,C36.png,764,530
lugar_nacimiento,128,123,47,33,C36.png,764,530
fecha_nacimiento,225,158,53,11,C36.png,764,530
sexo,152,185,16,13,C36.png,764,530
huella_digital,667,18,79,103,C36.png,764,530
firma,525,170,117,45,C36.png,764,530
fecha_expiracion,409,131,55,12,C36.png,764,530
nacionalidad,194,170,75,13,C36.png,764,530
cedula,162,30,65,12,C37PF.jpg,237,150
nombres,77,50,63,16,C37PF.jpg,237,150
lugar_nacimiento,77,72,34,23,C37PF.jpg,237,150
fecha_nacimiento,137,94,34,9,C37PF.jpg,237,150
nacionalidad,117,102,47,10,C37PF.jpg,237,150
sexo,92,110,24,8,C37PF.jpg,237,150
huella_digital,177,10,55,66,C37PT.jpg,246,156
firma,95,107,49,28,C37PT.jpg,246,156
fecha_expiracion,19,82,34,9,C37PT.jpg,246,156
cedula,563,164,177,30,C38PF.jpg,811,1133
nombres,326,228,204,41,C38PF.jpg,811,1133
lugar_nacimiento,326,288,98,60,C38PF.jpg,811,1133
fecha_nacimiento,494,353,89,21,C38PF.jpg,811,1133
nacionalidad,440,374,124,25,C38PF.jpg,811,1133
sexo,369,400,83,20,C38PF.jpg,811,1133
huella_digital,533,154,157,178,C38PT.jpg,822,1092
firma,295,427,165,72,C38PT.jpg,822,1092
fecha_expiracion,93,356,90,24,C38PT.jpg,822,1092
cedula,372,95,124,19,C39.png,1026,673
nombres,214,137,98,25,C39.png,1026,673
lugar_nacimiento,213,177,66,35,C39.png,1026,673
fecha_nacimiento,327,211,65,12,C39.png,1026,673
nacionalidad,289,224,91,14,C39.png,1026,673
sexo,239,244,19,14,C39.png,1026,673
huella_digital,870,31,104,117,C39.png,1026,673
firma,703,224,121,39,C39.png,1026,673
fecha_expiracion,579,177,60,14,C39.png,1026,673
cedula,292,85,108,19,C4.png,855,299
nombres,148,123,87,24,C4.png,855,299
lugar_nacimiento,150,157,59,39,C4.png,855,299
fecha_nacimiento,248,197,58,14,C4.png,855,299
nacionalidad,217,210,77,14,C4.png,855,299
sexo,171,225,19,12,C4.png,855,299
huella_digital,735,35,88,107,C4.png,855,299
firma,608,197,65,52,C4.png,855,299
fecha_expiracion,463,157,55,13,C4.png,855,299
cedula,231,53,85,17,C5.png,703,525
nombres,118,82,69,22,C5.png,703,525
lugar_nacimiento,118,112,65,29,C5.png,703,525
fecha_nacimiento,197,139,44,11,C5.png,703,525
nacionalidad,171,150,61,10,C5.png,703,525
sexo,136,162,41,9,C5.png,703,525
huella_digital,603,25,67,83,C5.png,703,525
firma,496,156,50,31,C5.png,703,525
fecha_expiracion,385,121,46,10,C5.png,703,525
cedula,338,84,123,20,C6.png,505,629
nombres,179,124,112,28,C6.png,505,629
lugar_nacimiento,180,166,84,41,C6.png,505,629
fecha_nacimiento,291,210,60,14,C6.png,505,629
nacionalidad,254,224,87,15,C6.png,505,629
sexo,208,239,54,16,C6.png,505,629
huella_digital,374,346,95,128,C6.png,505,629
firma,215,537,105,56,C6.png,505,629
fecha_expiracion,57,487,64,14,C6.png,505,629
cedula,649,60,105,19,C7.png,780,276
nombres,520,100,106,25,C7.png,780,276
lugar_nacimiento,523,136,81,39,C7.png,780,276
fecha_nacimiento,615,173,55,14,C7.png,780,276
nacionalidad,584,186,72,16,C7.png,780,276
sexo,544,201,51,17,C7.png,780,276
huella_digital,265,35,85,109,C7.png,780,276
firma,144,193,95,46,C7.png,780,276
fecha_expiracion,20,146,58,19,C7.png,780,276
cedula,283,132,123,55,C8PF.png,420,655
nombres,133,233,102,65,C8PF.png,420,655
lugar_nacimiento,138,334,118,92,C8PF.png,420,655
fecha_nacimiento,236,431,74,32,C8PF.png,420,655
nacionalidad,207,466,85,29,C8PF.png,420,655
sexo,162,505,20,29,C8PF.png,420,655
huella_digital,312,57,96,276,C8PT.png,416,666
firma,150,472,113,143,C8PT.png,416,666
fecha_expiracion,30,358,64,39,C8PT.png,416,666
cedula,495,97,189,29,C9PF.png,720,441
nombres,243,163,182,46,C9PF.png,720,441
lugar_nacimiento,243,227,121,63,C9PF.png,720,441
fecha_nacimiento,424,292,93,21,C9PF.png,720,441
nacionalidad,363,315,137,24,C9PF.png,720,441
sexo,290,341,76,21,C9PF.png,720,441
huella_digital,532,33,148,182,C9PT.png,720,441
firma,271,311,148,96,C9PT.png,720,441
fecha_expiracion,43,241,98,21,C9PT.png,720,441
